,full,search_only
bm25,0.213637113571167,0.08329892158508301
w2v,0.9831628799438477,0.03309798240661621
ft,9.398283004760742,0.023878097534179688
bert,6.3626110553741455,0.523726224899292
